insert into public.customers (id, first_name, last_name, email) values ('3ea09483-d481-4485-93ac-53cdc4b57547', 'Ava', 'Nguyen', 'ava.nguyen0@example.com');
insert into public.customers (id, first_name, last_name, email) values ('ac0000d5-f2df-409a-b200-593d943628f4', 'Noah', 'Patel', 'noah.patel1@example.com');
insert into public.customers (id, first_name, last_name, email) values ('e0094203-f5a6-4101-9fe6-05571e9d1170', 'Mia', 'Garcia', 'mia.garcia2@example.com');
insert into public.customers (id, first_name, last_name, email) values ('e44831bd-2d23-4170-a0aa-dab5da59c655', 'Liam', 'Brown', 'liam.brown3@example.com');
insert into public.customers (id, first_name, last_name, email) values ('ce24df64-ee96-4b9c-bae7-0b67d244f070', 'Olivia', 'Kim', 'olivia.kim4@example.com');
insert into public.customers (id, first_name, last_name, email) values ('e84c7e35-619f-4206-a9ac-dcd0fb91a67a', 'Ethan', 'Rodriguez', 'ethan.rodriguez5@example.com');
insert into public.customers (id, first_name, last_name, email) values ('8c9bfef0-5610-4c8c-8ff6-5b01c26dc750', 'Emma', 'Wilson', 'emma.wilson6@example.com');
insert into public.customers (id, first_name, last_name, email) values ('686f2b99-93c0-4be5-ba86-0075f07d16bb', 'Lucas', 'Singh', 'lucas.singh7@example.com');
insert into public.customers (id, first_name, last_name, email) values ('55682f03-87f8-4200-a75b-fccf3667a37e', 'Sophia', 'Martinez', 'sophia.martinez8@example.com');
insert into public.customers (id, first_name, last_name, email) values ('7334d65b-e51b-408d-8cf2-89028bb8a627', 'Mason', 'Harris', 'mason.harris9@example.com');
insert into public.staff (id, name, email, role) values ('cf803c83-79b2-434e-b46a-5bcdf261a2df', 'Staff 1', 'staff1@shop.local', 'admin');
insert into public.staff (id, name, email, role) values ('8fe929ba-366f-40dc-91b4-d30f93036019', 'Staff 2', 'staff2@shop.local', 'manager');
insert into public.staff (id, name, email, role) values ('c7b56b7f-e09c-422a-a681-64ec78dab334', 'Staff 3', 'staff3@shop.local', 'clerk');
insert into public.products (id, name, description, category, price, stock_qty) values ('ee6ad2c9-8082-45f8-b5a0-9d56b64836a7', 'Pro Wireless Headphones', 'High quality pro wireless headphones in Home category', 'Home', 135.29, 22);
insert into public.products (id, name, description, category, price, stock_qty) values ('39e38c00-a3d6-4252-9ffc-f6cc348b192d', 'USB-C Charger 65W', 'High quality usb-c charger 65w in Electronics category', 'Electronics', 67.83, 10);
insert into public.products (id, name, description, category, price, stock_qty) values ('332cf7ee-ecc4-4bb8-83f0-2a7c7e86bfce', 'Mechanical Keyboard 87', 'High quality mechanical keyboard 87 in Clothing category', 'Clothing', 262.86, 43);
insert into public.products (id, name, description, category, price, stock_qty) values ('e4c9c223-3966-4b28-9e8d-10adb6e93a3f', 'Smart LED Bulb', 'High quality smart led bulb in Sports category', 'Sports', 37.25, 16);
insert into public.products (id, name, description, category, price, stock_qty) values ('c570b88d-92f2-491a-b126-b821787feefe', '4K Action Camera', 'High quality 4k action camera in Electronics category', 'Electronics', 217.99, 26);
insert into public.products (id, name, description, category, price, stock_qty) values ('e7c03234-95d9-40fa-8c91-921b4076af89', 'Insulated Water Bottle', 'High quality insulated water bottle in Clothing category', 'Clothing', 151.62, 34);
insert into public.products (id, name, description, category, price, stock_qty) values ('b8f49a3a-b4af-480f-b4c9-205c55ff897d', 'Ergo Office Chair', 'High quality ergo office chair in Electronics category', 'Electronics', 31.62, 17);
insert into public.products (id, name, description, category, price, stock_qty) values ('1f5f9f35-8448-4a9c-a6a6-e0dbd6dd7498', 'Yoga Mat Pro', 'High quality yoga mat pro in Clothing category', 'Clothing', 206.9, 42);
insert into public.products (id, name, description, category, price, stock_qty) values ('f328f984-5868-44a6-9f39-e40555d364d5', 'Stainless Cookware Set', 'High quality stainless cookware set in Books category', 'Books', 23.62, 15);
insert into public.products (id, name, description, category, price, stock_qty) values ('50c3dca0-3ff6-4449-8dbd-689dd884201a', 'Noise-cancel Earbuds', 'High quality noise-cancel earbuds in Toys category', 'Toys', 178.12, 44);
insert into public.products (id, name, description, category, price, stock_qty) values ('757d1a08-61a8-49a5-9218-d0675ede64b2', 'Portable SSD 1TB', 'High quality portable ssd 1tb in Sports category', 'Sports', 36.24, 27);
insert into public.products (id, name, description, category, price, stock_qty) values ('8c4d26a8-0468-4581-b7e6-a18d78dcd907', 'Laptop Stand', 'High quality laptop stand in Clothing category', 'Clothing', 44.38, 43);
insert into public.products (id, name, description, category, price, stock_qty) values ('e85b076d-98ce-4693-9334-c2825325c82e', 'Gaming Mouse', 'High quality gaming mouse in Toys category', 'Toys', 174.56, 60);
insert into public.products (id, name, description, category, price, stock_qty) values ('010037ba-f5dc-4ef5-bee2-9ec7363fba35', 'Bluetooth Speaker', 'High quality bluetooth speaker in Beauty category', 'Beauty', 331.47, 51);
insert into public.products (id, name, description, category, price, stock_qty) values ('94332519-d626-4c3f-a832-1eb7902eeb0a', 'Fitness Tracker', 'High quality fitness tracker in Home category', 'Home', 57.28, 19);
insert into public.products (id, name, description, category, price, stock_qty) values ('0e585ce0-100c-4275-b457-b41f62285031', 'Air Fryer XL', 'High quality air fryer xl in Toys category', 'Toys', 96.06, 14);
insert into public.products (id, name, description, category, price, stock_qty) values ('0ab150c5-2ded-4860-b4d3-beef92dadf3a', 'Cordless Drill Kit', 'High quality cordless drill kit in Clothing category', 'Clothing', 253.7, 45);
insert into public.products (id, name, description, category, price, stock_qty) values ('64969a67-8688-4daf-a044-805f5dea4741', 'Electric Toothbrush', 'High quality electric toothbrush in Toys category', 'Toys', 378.61, 44);
insert into public.products (id, name, description, category, price, stock_qty) values ('b42f5929-25ec-4443-8b74-5cb216678ce5', 'eReader 7in', 'High quality ereader 7in in Home category', 'Home', 234.07, 48);
insert into public.products (id, name, description, category, price, stock_qty) values ('7cfe1d14-75e5-4796-98e8-603ee80ac7b4', 'Smart Plug Duo', 'High quality smart plug duo in Home category', 'Home', 163.71, 20);
insert into public.credit_cards (id, customer_id, brand, last4, exp_month, exp_year, billing_zip) values ('a224caf4-bdfc-4534-af80-30f661bc1c2f', 'e44831bd-2d23-4170-a0aa-dab5da59c655', 'MasterCard', '3999', 2, 2030, '49354');
insert into public.credit_cards (id, customer_id, brand, last4, exp_month, exp_year, billing_zip) values ('04df0886-bbed-4963-9a05-184c6992bdc6', '55682f03-87f8-4200-a75b-fccf3667a37e', 'Discover', '5627', 12, 2029, '47740');
insert into public.credit_cards (id, customer_id, brand, last4, exp_month, exp_year, billing_zip) values ('c5358315-5a62-49a4-98d6-976b5d18b911', '7334d65b-e51b-408d-8cf2-89028bb8a627', 'Visa', '1934', 9, 2029, '31621');
insert into public.credit_cards (id, customer_id, brand, last4, exp_month, exp_year, billing_zip) values ('dcb5322e-dd4e-46dc-8094-7471970bc5fd', 'e84c7e35-619f-4206-a9ac-dcd0fb91a67a', 'MasterCard', '8011', 7, 2026, '97584');
insert into public.credit_cards (id, customer_id, brand, last4, exp_month, exp_year, billing_zip) values ('b3cc304d-6090-48df-93f4-b89e04152c90', 'ac0000d5-f2df-409a-b200-593d943628f4', 'Amex', '5572', 12, 2028, '87905');
insert into public.credit_cards (id, customer_id, brand, last4, exp_month, exp_year, billing_zip) values ('7094cf55-2031-41a2-8e99-06093d4a51f5', '686f2b99-93c0-4be5-ba86-0075f07d16bb', 'Discover', '1126', 2, 2028, '72141');
insert into public.credit_cards (id, customer_id, brand, last4, exp_month, exp_year, billing_zip) values ('a185e3d2-a4c5-4e19-b0f7-1af0f16ec585', 'ac0000d5-f2df-409a-b200-593d943628f4', 'Visa', '5072', 11, 2030, '99291');
insert into public.credit_cards (id, customer_id, brand, last4, exp_month, exp_year, billing_zip) values ('02571330-e65f-454c-9b64-eb517f630fe3', '686f2b99-93c0-4be5-ba86-0075f07d16bb', 'Amex', '6320', 11, 2028, '12957');
insert into public.credit_cards (id, customer_id, brand, last4, exp_month, exp_year, billing_zip) values ('6acefc3b-e327-445c-bee4-9d96836e2aa2', '686f2b99-93c0-4be5-ba86-0075f07d16bb', 'Amex', '2753', 10, 2026, '74709');
insert into public.credit_cards (id, customer_id, brand, last4, exp_month, exp_year, billing_zip) values ('6520fa7b-c40c-43b4-9b96-482deb085ebe', '3ea09483-d481-4485-93ac-53cdc4b57547', 'MasterCard', '4709', 3, 2031, '42455');
insert into public.credit_cards (id, customer_id, brand, last4, exp_month, exp_year, billing_zip) values ('8754425f-59be-4c46-8368-d8eba7ce6149', '8c9bfef0-5610-4c8c-8ff6-5b01c26dc750', 'Discover', '8134', 2, 2027, '68875');
insert into public.credit_cards (id, customer_id, brand, last4, exp_month, exp_year, billing_zip) values ('69b7d30a-d4dc-45c1-83c6-f558e778c9fa', '8c9bfef0-5610-4c8c-8ff6-5b01c26dc750', 'Amex', '2243', 7, 2032, '82118');
insert into public.credit_cards (id, customer_id, brand, last4, exp_month, exp_year, billing_zip) values ('5b01b69d-853c-49c8-9d54-df67dea7d15a', 'ce24df64-ee96-4b9c-bae7-0b67d244f070', 'Discover', '5878', 11, 2029, '40245');
insert into public.credit_cards (id, customer_id, brand, last4, exp_month, exp_year, billing_zip) values ('5c3a0459-1499-4497-8a82-117bf0c81bd8', 'e0094203-f5a6-4101-9fe6-05571e9d1170', 'Visa', '2887', 3, 2027, '96313');
insert into public.credit_cards (id, customer_id, brand, last4, exp_month, exp_year, billing_zip) values ('f5444881-2e64-4ba2-b9a4-47182a142c35', 'e44831bd-2d23-4170-a0aa-dab5da59c655', 'Visa', '7945', 10, 2027, '44438');
insert into public.credit_cards (id, customer_id, brand, last4, exp_month, exp_year, billing_zip) values ('85156cb2-da2d-49c2-8775-6ae9db6671b5', 'ce24df64-ee96-4b9c-bae7-0b67d244f070', 'Visa', '2386', 7, 2030, '58398');
insert into public.credit_cards (id, customer_id, brand, last4, exp_month, exp_year, billing_zip) values ('1ae920d8-b6de-4408-bbae-4d78763f1d6f', '7334d65b-e51b-408d-8cf2-89028bb8a627', 'Amex', '2056', 12, 2032, '77566');
insert into public.credit_cards (id, customer_id, brand, last4, exp_month, exp_year, billing_zip) values ('fab31440-14d1-46ac-8b4b-ef6c96a61442', '7334d65b-e51b-408d-8cf2-89028bb8a627', 'Visa', '7481', 11, 2032, '83304');
insert into public.purchases (id, customer_id, product_id, quantity, unit_price, total_amount, status, created_at) values ('acb7120e-0eed-4f91-a0db-ea7d1334d894', '3ea09483-d481-4485-93ac-53cdc4b57547', 'e85b076d-98ce-4693-9334-c2825325c82e', 2, 174.56, 349.12, 'PAID', '2025-07-04T23:27:44.891235Z');
update public.products set stock_qty = greatest(stock_qty - 2, 0) where id = 'e85b076d-98ce-4693-9334-c2825325c82e';
insert into public.purchases (id, customer_id, product_id, quantity, unit_price, total_amount, status, created_at) values ('bf2b0d1d-2dd0-46b0-ad5c-d02ebae165bc', 'ac0000d5-f2df-409a-b200-593d943628f4', '0e585ce0-100c-4275-b457-b41f62285031', 3, 96.06, 288.18, 'PAID', '2025-07-04T12:33:44.891235Z');
update public.products set stock_qty = greatest(stock_qty - 3, 0) where id = '0e585ce0-100c-4275-b457-b41f62285031';
insert into public.purchases (id, customer_id, product_id, quantity, unit_price, total_amount, status, created_at) values ('5af57818-9f33-4698-9a31-48ed0d6f47ce', 'e0094203-f5a6-4101-9fe6-05571e9d1170', '332cf7ee-ecc4-4bb8-83f0-2a7c7e86bfce', 1, 262.86, 262.86, 'PAID', '2025-07-07T16:28:44.891235Z');
update public.products set stock_qty = greatest(stock_qty - 1, 0) where id = '332cf7ee-ecc4-4bb8-83f0-2a7c7e86bfce';
insert into public.purchases (id, customer_id, product_id, quantity, unit_price, total_amount, status, created_at) values ('5e40e502-956f-41e5-9385-beaad3f47bd0', 'e44831bd-2d23-4170-a0aa-dab5da59c655', '757d1a08-61a8-49a5-9218-d0675ede64b2', 3, 36.24, 108.72, 'PAID', '2025-06-12T14:21:44.891235Z');
update public.products set stock_qty = greatest(stock_qty - 3, 0) where id = '757d1a08-61a8-49a5-9218-d0675ede64b2';
insert into public.purchases (id, customer_id, product_id, quantity, unit_price, total_amount, status, created_at) values ('62ef5ee9-555d-44b5-8d12-daa01d5638bd', 'ce24df64-ee96-4b9c-bae7-0b67d244f070', 'b42f5929-25ec-4443-8b74-5cb216678ce5', 1, 234.07, 234.07, 'PAID', '2025-07-13T14:44:44.891235Z');
update public.products set stock_qty = greatest(stock_qty - 1, 0) where id = 'b42f5929-25ec-4443-8b74-5cb216678ce5';
insert into public.purchases (id, customer_id, product_id, quantity, unit_price, total_amount, status, created_at) values ('e0946c57-db44-4faf-8b7f-f55613c84db8', 'e84c7e35-619f-4206-a9ac-dcd0fb91a67a', '7cfe1d14-75e5-4796-98e8-603ee80ac7b4', 1, 163.71, 163.71, 'PAID', '2025-06-13T18:00:44.891235Z');
update public.products set stock_qty = greatest(stock_qty - 1, 0) where id = '7cfe1d14-75e5-4796-98e8-603ee80ac7b4';
insert into public.purchases (id, customer_id, product_id, quantity, unit_price, total_amount, status, created_at) values ('597b737c-2f73-4997-9e95-ce4703e1ed3f', '8c9bfef0-5610-4c8c-8ff6-5b01c26dc750', 'e85b076d-98ce-4693-9334-c2825325c82e', 1, 174.56, 174.56, 'PAID', '2025-07-19T19:43:44.891235Z');
update public.products set stock_qty = greatest(stock_qty - 1, 0) where id = 'e85b076d-98ce-4693-9334-c2825325c82e';
insert into public.purchases (id, customer_id, product_id, quantity, unit_price, total_amount, status, created_at) values ('642f592e-3343-41a4-bcb3-1847a868888d', '686f2b99-93c0-4be5-ba86-0075f07d16bb', '7cfe1d14-75e5-4796-98e8-603ee80ac7b4', 2, 163.71, 327.42, 'PAID', '2025-07-09T14:28:44.891235Z');
update public.products set stock_qty = greatest(stock_qty - 2, 0) where id = '7cfe1d14-75e5-4796-98e8-603ee80ac7b4';
insert into public.purchases (id, customer_id, product_id, quantity, unit_price, total_amount, status, created_at) values ('d71d5e26-fb80-487e-b98f-f401596ed85b', '55682f03-87f8-4200-a75b-fccf3667a37e', '0e585ce0-100c-4275-b457-b41f62285031', 2, 96.06, 192.12, 'PAID', '2025-07-10T02:40:44.891235Z');
update public.products set stock_qty = greatest(stock_qty - 2, 0) where id = '0e585ce0-100c-4275-b457-b41f62285031';
insert into public.purchases (id, customer_id, product_id, quantity, unit_price, total_amount, status, created_at) values ('cf6cdf5c-043f-4443-9787-96d5d0281999', '7334d65b-e51b-408d-8cf2-89028bb8a627', '332cf7ee-ecc4-4bb8-83f0-2a7c7e86bfce', 1, 262.86, 262.86, 'PAID', '2025-06-16T10:42:44.891235Z');
update public.products set stock_qty = greatest(stock_qty - 1, 0) where id = '332cf7ee-ecc4-4bb8-83f0-2a7c7e86bfce';
insert into public.purchases (id, customer_id, product_id, quantity, unit_price, total_amount, status, created_at) values ('75328079-6e36-43b0-82fa-438f48e82ccd', '3ea09483-d481-4485-93ac-53cdc4b57547', 'f328f984-5868-44a6-9f39-e40555d364d5', 2, 23.62, 47.24, 'PAID', '2025-08-02T09:31:44.891235Z');
update public.products set stock_qty = greatest(stock_qty - 2, 0) where id = 'f328f984-5868-44a6-9f39-e40555d364d5';
insert into public.purchases (id, customer_id, product_id, quantity, unit_price, total_amount, status, created_at) values ('02c7576a-de6f-42c6-9bde-40493c37b8dc', 'ac0000d5-f2df-409a-b200-593d943628f4', '0ab150c5-2ded-4860-b4d3-beef92dadf3a', 1, 253.7, 253.7, 'PAID', '2025-06-23T03:44:44.891235Z');
update public.products set stock_qty = greatest(stock_qty - 1, 0) where id = '0ab150c5-2ded-4860-b4d3-beef92dadf3a';
insert into public.purchases (id, customer_id, product_id, quantity, unit_price, total_amount, status, created_at) values ('1bc5a37b-b381-4331-aa7f-34029b3c844c', 'e0094203-f5a6-4101-9fe6-05571e9d1170', 'c570b88d-92f2-491a-b126-b821787feefe', 3, 217.99, 653.97, 'PAID', '2025-07-13T12:09:44.891235Z');
update public.products set stock_qty = greatest(stock_qty - 3, 0) where id = 'c570b88d-92f2-491a-b126-b821787feefe';
insert into public.purchases (id, customer_id, product_id, quantity, unit_price, total_amount, status, created_at) values ('bd200e7a-ea2d-4bd8-a0a2-68c184b612db', 'e44831bd-2d23-4170-a0aa-dab5da59c655', '0ab150c5-2ded-4860-b4d3-beef92dadf3a', 2, 253.7, 507.4, 'PAID', '2025-07-20T14:05:44.891235Z');
update public.products set stock_qty = greatest(stock_qty - 2, 0) where id = '0ab150c5-2ded-4860-b4d3-beef92dadf3a';
insert into public.purchases (id, customer_id, product_id, quantity, unit_price, total_amount, status, created_at) values ('e42170ce-654a-4099-a802-7b296db60a2c', 'ce24df64-ee96-4b9c-bae7-0b67d244f070', 'f328f984-5868-44a6-9f39-e40555d364d5', 3, 23.62, 70.86, 'PAID', '2025-07-02T16:43:44.891235Z');
update public.products set stock_qty = greatest(stock_qty - 3, 0) where id = 'f328f984-5868-44a6-9f39-e40555d364d5';
insert into public.purchases (id, customer_id, product_id, quantity, unit_price, total_amount, status, created_at) values ('7dc8891d-e997-4c0b-b124-f10f72325036', 'e84c7e35-619f-4206-a9ac-dcd0fb91a67a', '1f5f9f35-8448-4a9c-a6a6-e0dbd6dd7498', 3, 206.9, 620.7, 'PAID', '2025-07-14T03:42:44.891235Z');
update public.products set stock_qty = greatest(stock_qty - 3, 0) where id = '1f5f9f35-8448-4a9c-a6a6-e0dbd6dd7498';
insert into public.purchases (id, customer_id, product_id, quantity, unit_price, total_amount, status, created_at) values ('dcd0a752-6e53-41fa-8b0b-5e6e3f025a2f', '8c9bfef0-5610-4c8c-8ff6-5b01c26dc750', '1f5f9f35-8448-4a9c-a6a6-e0dbd6dd7498', 3, 206.9, 620.7, 'PAID', '2025-07-30T18:12:44.891235Z');
update public.products set stock_qty = greatest(stock_qty - 3, 0) where id = '1f5f9f35-8448-4a9c-a6a6-e0dbd6dd7498';
insert into public.purchases (id, customer_id, product_id, quantity, unit_price, total_amount, status, created_at) values ('6a1b8c30-355f-4fd1-a56a-a4075bf4df72', '686f2b99-93c0-4be5-ba86-0075f07d16bb', '1f5f9f35-8448-4a9c-a6a6-e0dbd6dd7498', 2, 206.9, 413.8, 'PAID', '2025-07-26T18:33:44.891235Z');
update public.products set stock_qty = greatest(stock_qty - 2, 0) where id = '1f5f9f35-8448-4a9c-a6a6-e0dbd6dd7498';
select id, email from public.customers order by created_at asc limit 10;
select id, name, price, stock_qty from public.products order by name asc limit 12;
select id, customer_id, product_id, quantity, unit_price, total_amount from public.purchases order by created_at desc limit 8;